{
  "train_loss": [
    0.6630115509033203,
    0.12616471946239471,
    0.07881446927785873,
    0.07598458975553513,
    0.05111972615122795,
    0.0468430370092392,
    0.04068407416343689,
    0.02498212642967701,
    0.0339629203081131,
    0.025027886033058167
  ],
  "val_loss": [
    1.4446892738342285,
    1.452412724494934,
    1.4253032207489014,
    1.4416998624801636,
    1.440662145614624,
    1.4355089664459229,
    1.4121596813201904,
    1.4407963752746582,
    1.4256452322006226,
    1.4261795282363892
  ],
  "lr": [
    1e-05,
    9.698463103929542e-06,
    8.83022221559489e-06,
    7.500000000000001e-06,
    5.8682408883346535e-06,
    4.131759111665349e-06,
    2.5000000000000015e-06,
    1.1697777844051105e-06,
    3.015368960704584e-07,
    0.0
  ]
}